{"cameraMode":{"drawMode":0,"name":"Shaded","section":"Shading Mode"},"sceneLighting":true,"audioPlay":false,"sceneViewState":{"m_AlwaysRefresh":false,"showFog":true,"showSkybox":true,"showFlares":true,"showImageEffects":true,"showParticleSystems":true,"showVisualEffectGraphs":true,"m_FxEnabled":false},"in2DMode":false,"pivot":{"x":-0.23246006667613984,"y":4.9430646896362309,"z":-0.9953100681304932},"rotation":{"x":0.17406955361366273,"y":-0.4566667079925537,"z":0.09162045270204544,"w":0.867620050907135},"size":32.01369094848633,"orthographic":false}